id_cliente,visitas,compras,monto_total,devoluciones,rese√±a
1,103.0,0,2209.86,1,Positiva
2,93.0,13,1107.85,3,Neutral
3,15.0,18,830.57,4,Negativa
4,107.0,14,1124.7,3,Positiva
5,72.0,17,1675.13,4,Negativa
6,21.0,1,368.66,0,Neutral
7,103.0,21,1126.34,0,Negativa
8,122.0,27,1471.77,3,Positiva
9,75.0,16,2371.72,2,Negativa
10,88.0,17,635.06,4,Negativa
11,117.0,29,901.33,1,Neutral
12,100.0,5,951.5,3,Neutral
13,104.0,18,1515.82,1,Neutral
14,131.0,3,895.05,3,Positiva
15,53.0,0,1336.11,2,Positiva
16,2.0,7,-350.0,2,Neutral
17,88.0,28,1764.94,2,Neutral
18,38.0,22,1118.69,2,Positiva
19,130.0,6,2161.22,0,Positiva
20,21.0,2,1397.56,0,Positiva
21,58.0,9,1352.07,4,Positiva
22,22.0,9,90.3,1,Neutral
23,89.0,18,2466.8,3,Positiva
24,49.0,13,311.81,3,Neutral
25,59.0,1,581.67,0,Negativa
26,15.0,27,133.98,3,Negativa
27,51.0,0,1601.81,0,Positiva
28,108.0,22,565.63,4,Negativa
29,55.0,22,454.13,1,Negativa
30,64.0,27,225.95,4,Negativa
31,131.0,17,262.76,2,Positiva
32,51.0,6,1463.75,2,Positiva
33,135.0,28,1722.08,2,Negativa
34,21.0,7,996.46,4,Neutral
35,73.0,0,1202.34,3,Negativa
36,18.0,24,1716.49,1,Positiva
37,132.0,22,48.36,2,Positiva
38,89.0,2,811.21,2,Positiva
39,60.0,23,2432.88,2,Negativa
40,14.0,22,1452.38,1,Neutral
41,9.0,26,639.29,2,Positiva
42,90.0,28,1306.72,1,Positiva
43,53.0,7,859.92,2,Negativa
44,130.0,21,1332.95,4,Neutral
45,84.0,24,318.73,4,Negativa
46,92.0,14,336.12,1,Positiva
47,111.0,4,363.14,4,Neutral
48,8.0,2,2349.85,1,Neutral
49,35.0,18,1833.58,4,Positiva
50,81.0,0,410.14,4,Neutral
51,50.0,27,474.93,1,Neutral
52,104.0,14,1828.42,3,Negativa
53,132.0,7,394.63,4,Positiva
54,2.0,1,590.23,2,Positiva
55,134.0,2,2408.55,3,Positiva
56,54.0,23,641.99,1,Positiva
57,106.0,13,1655.77,3,Positiva
58,4.0,23,2446.69,0,Neutral
59,54.0,13,938.87,0,Negativa
60,146.0,10,48.7,4,Positiva
61,44.0,15,614.15,4,Negativa
62,14.0,3,2078.04,2,Negativa
63,95.0,19,2162.2,3,Neutral
64,48.0,4,1922.46,0,Positiva
65,15.0,21,287.21,4,Neutral
66,40.0,20,1989.8,3,Positiva
67,82.0,13,2297.1,4,Neutral
68,111.0,22,1503.52,4,Negativa
69,53.0,15,2352.48,0,Positiva
70,24.0,17,2067.96,0,Negativa
71,124.0,6,1669.09,4,Negativa
72,41.0,9,1445.08,1,Neutral
73,15.0,6,874.69,4,Positiva
74,45.0,0,402.42,4,Negativa
75,65.0,22,1514.36,2,Neutral
76,89.0,20,798.69,2,Positiva
77,71.0,18,2166.76,2,Positiva
78,9.0,15,2483.38,1,Negativa
79,88.0,28,1882.31,1,Positiva
80,129.0,18,230.75,4,Negativa
81,136.0,3,725.27,2,Positiva
82,63.0,28,277.23,1,Neutral
83,139.0,27,1628.03,0,Negativa
84,81.0,17,1914.15,4,Negativa
85,136.0,1,2314.56,3,Positiva
86,33.0,0,1098.24,4,Positiva
87,123.0,14,2253.93,3,Negativa
88,5.0,4,2195.34,2,Positiva
89,41.0,19,796.4,3,Neutral
90,28.0,10,2172.91,2,Positiva
91,135.0,9,942.3,0,Neutral
92,72.0,1,745.69,3,Neutral
93,12.0,2,1624.44,4,Neutral
94,33.0,22,824.31,2,Neutral
95,48.0,22,1577.37,4,Neutral
96,62.0,11,1526.53,1,Positiva
97,37.0,19,1410.78,2,Neutral
98,99.0,4,954.15,3,Positiva
99,104.0,4,1373.51,2,Neutral
100,35.0,5,1493.23,4,Negativa
101,101.0,29,1366.49,0,Neutral
102,131.0,8,1113.83,2,Negativa
103,1.0,1,41.59,3,Neutral
104,5.0,20,1469.72,1,Neutral
105,142.0,11,425.27,0,Neutral
106,103.0,2,1608.23,1,Negativa
107,27.0,19,1899.56,2,Negativa
108,137.0,25,1253.61,4,Neutral
109,15.0,21,1358.2,4,Positiva
110,90.0,11,2378.94,3,Neutral
111,42.0,23,2118.68,4,Negativa
112,124.0,16,2286.02,0,Neutral
113,63.0,9,2035.35,4,Negativa
114,96.0,29,276.75,3,Negativa
115,52.0,23,376.73,2,Negativa
116,96.0,26,1318.93,2,Neutral
117,132.0,13,618.94,4,Negativa
118,143.0,22,1194.36,1,Negativa
119,29.0,16,988.94,2,Neutral
120,36.0,17,1375.79,4,Negativa
121,13.0,18,1868.45,3,Neutral
122,71.0,16,1790.15,4,Negativa
123,86.0,13,1305.48,2,Positiva
124,28.0,8,2056.87,3,Positiva
125,66.0,7,1080.0,4,Negativa
126,45.0,1,2242.3,0,Positiva
127,62.0,12,182.84,3,Neutral
128,134.0,24,2386.88,0,Positiva
129,,6,1638.46,1,Negativa
130,28.0,8,953.29,3,Negativa
131,108.0,21,496.9,0,Neutral
132,44.0,21,1200.56,2,Negativa
133,84.0,10,490.42,2,Neutral
134,30.0,13,420.0,1,Positiva
135,75.0,3,1545.29,3,Positiva
136,128.0,25,1310.1,3,Neutral
137,92.0,25,1676.89,3,Neutral
138,129.0,28,2324.37,1,Negativa
139,121.0,12,1332.99,3,Positiva
140,27.0,1,1454.43,2,Neutral
141,121.0,22,228.62,0,Positiva
142,116.0,4,1795.5,2,Neutral
143,3.0,10,1002.76,2,Positiva
144,103.0,5,2441.93,0,Negativa
145,137.0,17,2058.82,2,Positiva
146,62.0,20,1308.59,1,Positiva
147,51.0,9,312.44,0,Positiva
148,59.0,3,2149.24,2,Positiva
149,118.0,8,2000.45,4,Positiva
150,96.0,5,465.54,2,Negativa
151,113.0,1,741.72,1,Neutral
152,62.0,16,1984.55,3,Positiva
153,52.0,4,467.14,2,Negativa
154,12.0,24,2294.79,3,Positiva
155,39.0,5,1064.2,4,Positiva
156,130.0,25,222.16,2,Neutral
157,131.0,11,2040.29,0,Positiva
158,113.0,22,936.91,3,Negativa
159,101.0,20,1318.62,4,Negativa
160,113.0,9,285.2,0,Neutral
161,81.0,21,11.45,0,Positiva
162,113.0,20,1596.77,0,Negativa
163,2.0,26,1290.36,0,Positiva
164,130.0,24,1485.88,2,Positiva
165,54.0,5,1985.39,2,Positiva
166,87.0,26,1618.28,2,Neutral
167,129.0,7,441.06,4,Positiva
168,147.0,1,905.13,4,Negativa
169,126.0,11,2265.2,4,Positiva
170,130.0,12,1926.01,1,Negativa
171,53.0,24,1393.81,4,Positiva
172,68.0,20,642.83,2,Negativa
173,123.0,6,758.64,2,Negativa
174,145.0,9,1831.24,1,Positiva
175,38.0,12,2128.68,1,Positiva
176,24.0,16,1680.2,4,Negativa
177,69.0,25,2024.78,3,Neutral
178,116.0,20,1917.81,1,Positiva
179,98.0,27,378.51,0,Neutral
180,139.0,29,1062.74,2,Positiva
181,144.0,25,386.69,0,Positiva
182,97.0,13,591.91,2,Positiva
183,124.0,1,2173.8,2,Positiva
184,70.0,27,1184.87,1,Neutral
185,93.0,21,1340.72,1,Positiva
186,3.0,10,450.22,0,Negativa
187,148.0,0,784.12,2,Negativa
188,147.0,18,579.46,0,Neutral
189,90.0,20,519.43,3,Positiva
190,147.0,3,1596.71,0,Negativa
191,148.0,18,645.93,4,Neutral
192,96.0,25,1581.88,0,Positiva
193,52.0,28,150.84,4,Negativa
194,128.0,20,358.73,4,Negativa
195,39.0,10,689.98,4,Neutral
196,82.0,7,1494.63,3,Positiva
197,104.0,10,1691.22,0,Positiva
198,129.0,3,1109.58,0,Negativa
199,11.0,16,1117.25,3,Negativa
200,42.0,26,1812.67,2,Negativa
201,99.0,6,44.47,1,Positiva
202,7.0,7,856.02,0,Neutral
203,144.0,2,2047.67,1,Neutral
204,90.0,21,1510.03,3,Positiva
205,112.0,1,846.38,2,Neutral
206,60.0,22,2264.28,2,Negativa
207,113.0,14,1932.69,2,Neutral
208,2.0,23,665.91,3,Neutral
209,129.0,21,1615.0,4,Neutral
210,48.0,21,1491.4,4,Negativa
211,140.0,4,1005.96,1,Positiva
212,37.0,23,920.56,4,Negativa
213,9.0,0,862.18,4,Positiva
214,99.0,25,1544.8,2,Positiva
215,147.0,3,1108.81,2,Positiva
216,48.0,14,2080.5,1,Neutral
217,131.0,19,1675.66,0,Neutral
218,148.0,18,179.48,1,Positiva
219,54.0,2,1602.22,1,Positiva
220,120.0,19,681.51,3,Neutral
221,116.0,10,1484.07,3,Negativa
222,75.0,16,1701.93,1,Positiva
223,113.0,29,580.92,1,Negativa
224,104.0,26,1144.86,1,Neutral
225,84.0,12,479.86,4,Positiva
226,112.0,10,135.59,3,Negativa
227,99.0,1,949.3,1,Negativa
228,93.0,8,910.55,2,Negativa
229,146.0,25,2488.72,2,Neutral
230,128.0,1,1118.65,4,Neutral
231,110.0,20,837.26,4,Negativa
232,82.0,8,1453.29,0,Negativa
233,54.0,8,226.47,0,Neutral
234,68.0,7,2404.36,0,Negativa
235,33.0,16,1589.23,4,Negativa
236,142.0,0,1888.32,4,Neutral
237,21.0,24,430.34,4,Negativa
238,48.0,28,1026.65,2,Negativa
239,148.0,10,1059.61,4,Negativa
240,128.0,7,2055.41,2,Neutral
241,136.0,9,8.09,0,Negativa
242,135.0,24,755.63,0,Neutral
243,145.0,6,2453.18,0,Neutral
244,128.0,2,1189.84,1,Positiva
245,33.0,2,959.4,1,Positiva
246,115.0,17,303.97,3,Negativa
247,119.0,4,2435.54,3,Neutral
248,22.0,11,54.97,3,Positiva
249,38.0,11,1844.26,1,Negativa
250,109.0,18,1922.66,1,Positiva
251,51.0,29,612.92,3,Positiva
252,8.0,5,1680.54,3,Neutral
253,27.0,1,236.86,4,Neutral
254,27.0,11,646.33,3,Positiva
255,21.0,18,1970.82,4,Positiva
256,30.0,4,2162.39,2,Neutral
257,97.0,11,1523.17,1,Negativa
258,28.0,26,1269.56,3,Neutral
259,111.0,26,402.46,1,Positiva
260,61.0,16,162.46,1,Negativa
261,48.0,28,298.53,1,Positiva
262,147.0,16,572.26,2,Negativa
263,4.0,9,857.48,0,Positiva
264,35.0,24,955.37,3,Negativa
265,49.0,22,869.07,0,Negativa
266,17.0,16,601.44,0,Positiva
267,46.0,14,1276.76,0,Negativa
268,117.0,11,2064.09,1,Neutral
269,6.0,29,702.86,4,Positiva
270,99.0,15,2356.26,1,Neutral
271,124.0,23,2183.97,1,Positiva
272,37.0,18,408.6,0,Negativa
273,24.0,7,1966.76,1,Negativa
274,93.0,20,1438.6,0,Negativa
275,46.0,16,1418.61,4,Positiva
276,95.0,22,980.65,3,Neutral
277,99.0,4,1255.38,0,Neutral
278,116.0,21,995.96,4,Positiva
279,67.0,15,1351.63,3,Positiva
280,128.0,5,1571.74,2,Neutral
281,18.0,7,1687.39,0,Neutral
282,25.0,24,1333.54,0,Neutral
283,54.0,17,1804.95,2,Neutral
284,58.0,24,357.49,2,Positiva
285,67.0,11,533.9,0,Positiva
286,104.0,14,2047.74,2,Negativa
287,24.0,26,809.71,1,Neutral
288,114.0,25,62.12,3,Negativa
289,32.0,8,388.71,3,Positiva
290,86.0,12,562.92,3,Positiva
291,127.0,25,2393.52,1,Negativa
292,130.0,14,1434.74,2,Neutral
293,17.0,9,2332.16,4,Neutral
294,104.0,15,1440.03,2,Neutral
295,137.0,6,1200.99,0,Neutral
296,43.0,16,787.75,3,Negativa
297,39.0,22,1517.9,2,Negativa
298,26.0,25,352.3,4,Positiva
299,99.0,20,2246.16,0,Neutral
300,50.0,21,2074.18,1,Neutral
301,13.0,25,797.24,1,Neutral
302,60.0,6,2382.23,4,Negativa
303,135.0,13,2063.88,0,Neutral
304,57.0,14,1667.44,3,Negativa
305,36.0,20,308.8,2,Neutral
306,20.0,6,1198.19,0,Neutral
307,65.0,8,1267.74,1,Positiva
308,8.0,18,585.22,4,Neutral
309,144.0,15,204.51,4,Neutral
310,142.0,7,1942.93,2,Positiva
311,115.0,17,309.48,4,Negativa
312,143.0,26,1487.76,4,Negativa
313,92.0,22,2341.44,0,Neutral
314,98.0,28,2190.88,3,Negativa
315,66.0,17,697.99,2,Neutral
316,32.0,29,2129.36,0,Positiva
317,86.0,19,5.83,3,Positiva
318,51.0,6,49.13,0,Neutral
319,63.0,2,1508.37,0,Positiva
320,125.0,17,915.17,4,Positiva
321,58.0,26,969.22,3,Neutral
322,58.0,9,1413.28,2,Neutral
323,86.0,6,483.5,2,Positiva
324,49.0,16,533.33,3,Negativa
325,70.0,13,1214.08,4,Negativa
326,15.0,23,1886.86,1,Neutral
327,54.0,2,1550.65,0,Neutral
328,101.0,11,746.9,4,Negativa
329,8.0,27,1078.69,3,Positiva
330,53.0,12,430.81,0,Negativa
331,60.0,1,191.2,2,Negativa
332,108.0,2,1957.83,1,Negativa
333,5.0,4,667.14,2,Negativa
334,103.0,10,448.53,3,Neutral
335,6.0,7,1730.59,0,Neutral
336,109.0,25,1547.04,3,Positiva
337,116.0,22,1584.81,0,Positiva
338,94.0,22,576.09,4,Positiva
339,47.0,11,585.45,1,Positiva
340,99.0,6,555.9,4,Negativa
341,55.0,14,438.51,4,Neutral
342,52.0,23,1641.03,3,Neutral
343,144.0,16,2120.8,1,Positiva
344,13.0,3,1812.17,0,Positiva
345,114.0,28,1981.27,0,Negativa
346,124.0,21,1014.97,2,Negativa
347,106.0,24,1636.92,0,Positiva
348,147.0,12,888.82,3,Neutral
349,145.0,17,1316.13,4,Neutral
350,120.0,0,1206.68,4,Neutral
351,63.0,15,446.33,4,Positiva
352,19.0,12,970.76,1,Neutral
353,92.0,9,2409.74,0,Negativa
354,58.0,11,625.21,3,Negativa
355,90.0,29,338.84,1,Positiva
356,117.0,1,1049.36,2,Negativa
357,62.0,22,1976.89,3,Positiva
358,23.0,2,1457.46,3,Neutral
359,127.0,9,1704.03,3,Neutral
360,137.0,1,478.29,4,Neutral
361,140.0,29,1549.28,3,Negativa
362,129.0,26,812.13,0,Positiva
363,58.0,22,2086.59,3,Neutral
364,122.0,12,1575.1,4,Positiva
365,1.0,12,501.15,3,Neutral
366,34.0,17,166.22,2,Negativa
367,96.0,2,111.37,2,Negativa
368,126.0,26,931.66,4,Positiva
369,118.0,6,668.3,0,Negativa
370,48.0,13,1616.99,0,Negativa
371,89.0,19,1250.84,1,Positiva
372,117.0,28,668.72,4,Neutral
373,129.0,29,377.35,3,Negativa
374,16.0,16,322.36,4,Positiva
375,69.0,28,2162.33,1,Negativa
376,22.0,29,612.48,4,Negativa
377,93.0,20,1631.02,4,Negativa
378,76.0,11,2027.66,1,Negativa
379,144.0,24,1537.13,0,Positiva
380,86.0,15,2149.62,3,Positiva
381,29.0,23,984.02,1,Positiva
382,69.0,11,2390.77,2,Negativa
383,47.0,14,337.2,0,Negativa
384,94.0,24,259.86,2,Negativa
385,144.0,9,1648.44,0,Positiva
386,85.0,29,2357.36,3,Negativa
387,39.0,24,2023.16,3,Neutral
388,100.0,6,195.66,4,Negativa
389,33.0,19,702.02,2,Neutral
390,101.0,4,2326.15,0,Negativa
391,23.0,0,636.38,3,Positiva
392,10.0,29,1954.02,1,Negativa
393,69.0,16,2063.7,3,Neutral
394,100.0,2,1241.15,1,Neutral
395,34.0,12,968.94,0,Negativa
396,138.0,13,1128.06,3,Neutral
397,147.0,23,571.28,3,Neutral
398,96.0,29,2224.03,0,Positiva
399,1.0,17,1129.3,3,Negativa
400,69.0,3,2206.74,1,Negativa
401,4.0,17,268.71,3,Negativa
402,16.0,29,2470.75,2,Neutral
403,24.0,4,1110.97,4,Negativa
404,80.0,24,124.34,1,Negativa
405,2.0,15,99.86,2,Positiva
406,128.0,0,1866.79,0,Positiva
407,84.0,20,1649.29,1,Positiva
408,140.0,13,2006.32,4,Neutral
409,124.0,14,267.89,4,Negativa
410,33.0,8,93.75,0,Positiva
411,101.0,14,1273.91,0,Positiva
412,12.0,16,972.05,1,Positiva
413,67.0,24,1157.56,3,Negativa
414,65.0,23,2479.01,0,Negativa
415,74.0,3,2427.02,3,Negativa
416,43.0,11,2356.08,2,Neutral
417,44.0,26,1960.69,4,Neutral
418,29.0,25,890.33,3,Positiva
419,141.0,4,1033.27,4,Negativa
420,12.0,28,1376.29,3,Positiva
421,95.0,4,2077.18,2,Negativa
422,46.0,10,176.44,0,Negativa
423,130.0,27,1063.62,2,Negativa
424,35.0,5,211.13,0,Neutral
425,81.0,6,1289.07,0,Neutral
426,90.0,23,2247.76,4,Negativa
427,8.0,13,1957.3,2,Positiva
428,93.0,23,573.47,3,Negativa
429,90.0,10,2440.1,2,Negativa
430,115.0,29,1670.04,4,Positiva
431,105.0,12,31.02,0,Negativa
432,135.0,1,642.26,4,Positiva
433,58.0,24,655.48,1,Neutral
434,114.0,6,177.79,1,Neutral
435,75.0,19,2399.77,3,Positiva
436,120.0,3,1198.25,4,Neutral
437,21.0,26,2240.06,3,Neutral
438,138.0,7,808.93,3,Positiva
439,101.0,19,317.46,1,Neutral
440,99.0,28,1188.47,3,Negativa
441,36.0,21,289.32,1,Negativa
442,96.0,20,1217.61,0,Positiva
443,37.0,18,2301.14,4,Neutral
444,12.0,12,1304.32,3,Negativa
445,113.0,13,1543.17,1,Negativa
446,13.0,9,395.81,2,Neutral
447,23.0,10,114.12,3,Neutral
448,99.0,1,281.47,0,Negativa
449,105.0,24,1498.34,0,Negativa
450,30.0,25,242.05,2,Positiva
451,17.0,8,943.1,1,Positiva
452,113.0,16,1377.48,3,Negativa
453,62.0,25,974.69,1,Positiva
454,84.0,2,413.39,0,Negativa
455,112.0,23,688.11,1,Negativa
456,86.0,5,2321.15,0,Positiva
457,141.0,4,1691.58,1,Positiva
458,19.0,4,1242.64,2,Neutral
459,100.0,21,36.72,4,Neutral
460,140.0,14,2481.08,2,Neutral
461,147.0,22,1680.28,2,Negativa
462,76.0,16,795.72,4,Positiva
463,9.0,8,2198.78,4,Negativa
464,28.0,2,649.79,3,Positiva
465,128.0,19,1362.32,3,Negativa
466,52.0,25,1592.0,2,Neutral
467,83.0,16,556.55,2,Neutral
468,111.0,28,2446.1,0,Neutral
469,144.0,26,1871.74,0,Negativa
470,117.0,9,1396.74,3,Positiva
471,69.0,2,455.58,3,Positiva
472,99.0,17,139.38,0,Neutral
473,140.0,17,803.55,0,Neutral
474,25.0,29,1884.2,1,Neutral
475,123.0,16,676.98,1,Neutral
476,53.0,23,1351.19,0,Positiva
477,144.0,2,1821.23,1,Negativa
478,57.0,2,274.32,4,Negativa
479,39.0,5,1714.82,3,Negativa
480,109.0,12,234.22,3,Negativa
481,42.0,23,2413.0,0,Neutral
482,142.0,28,1223.54,2,Neutral
483,122.0,14,380.94,0,Neutral
484,133.0,24,859.25,1,Negativa
485,75.0,8,1036.47,2,Neutral
486,146.0,3,1896.67,1,Neutral
487,76.0,13,1859.84,4,Positiva
488,9.0,4,1531.79,1,Positiva
489,74.0,1,269.3,4,Neutral
490,145.0,10,383.17,4,Positiva
491,7.0,8,238.92,1,Positiva
492,141.0,23,1445.05,1,Neutral
493,137.0,2,2193.46,4,Neutral
494,27.0,26,1087.33,2,Neutral
495,122.0,27,406.32,4,Neutral
496,5.0,28,1397.32,3,Negativa
497,29.0,8,2030.32,4,Negativa
498,83.0,2,1855.57,2,Neutral
499,136.0,24,2204.22,3,Positiva
500,109.0,1,698.37,0,Neutral
501,65.0,11,488.91,0,Neutral
502,86.0,9,2200.14,2,Positiva
503,145.0,8,1645.61,4,Negativa
504,71.0,14,780.77,1,Neutral
505,45.0,7,1857.16,2,Neutral
506,132.0,24,2038.72,3,Negativa
507,36.0,4,1539.37,3,Negativa
508,70.0,10,1721.27,0,Positiva
509,19.0,26,941.27,3,Negativa
510,108.0,1,1349.05,2,Negativa
511,91.0,23,1312.78,3,Negativa
512,90.0,27,2120.88,2,Positiva
513,19.0,14,2100.71,1,Negativa
514,39.0,5,2082.54,0,Negativa
515,126.0,7,32.52,3,Positiva
516,141.0,26,1875.12,2,Negativa
517,126.0,4,1897.9,4,Negativa
518,58.0,15,1697.56,0,Positiva
519,148.0,25,1891.88,1,Neutral
520,61.0,17,2105.72,2,Positiva
521,127.0,5,1178.45,1,Negativa
522,105.0,4,1257.62,1,Negativa
523,1.0,27,316.16,3,Negativa
524,131.0,15,966.51,3,Positiva
525,92.0,12,1610.2,2,Negativa
526,113.0,27,1952.1,4,Negativa
527,56.0,4,546.94,2,Positiva
528,117.0,12,348.87,4,Neutral
529,134.0,16,1659.29,1,Neutral
530,58.0,17,9.69,0,Negativa
531,44.0,7,450.04,2,Positiva
532,61.0,12,77.53,2,Negativa
533,47.0,29,421.38,4,Positiva
534,149.0,28,457.39,1,Positiva
535,80.0,18,972.25,1,Neutral
536,118.0,25,1008.81,4,Neutral
537,147.0,2,2186.28,1,Positiva
538,20.0,23,1277.72,3,Negativa
539,146.0,7,1809.89,0,Neutral
540,47.0,1,264.82,2,Negativa
541,49.0,7,567.47,0,Neutral
542,14.0,26,1758.84,2,Neutral
543,143.0,12,136.75,3,Negativa
544,1.0,12,1219.06,1,Neutral
545,117.0,0,1500.43,4,Neutral
546,54.0,5,1507.35,3,Negativa
547,118.0,23,62.22,0,Neutral
548,3.0,18,808.66,4,Neutral
549,144.0,15,1593.04,1,Neutral
550,12.0,7,376.75,3,Negativa
551,74.0,27,1740.06,4,
552,16.0,0,1866.08,3,Negativa
553,102.0,26,2455.01,3,Positiva
554,117.0,26,528.56,1,Neutral
555,8.0,15,2063.7,2,Positiva
556,122.0,8,1303.14,4,Negativa
557,92.0,12,936.79,1,Negativa
558,90.0,10,310.33,3,Neutral
559,136.0,12,1840.09,1,Positiva
560,60.0,24,593.46,2,Neutral
561,28.0,20,931.7,4,Neutral
562,101.0,9,161.04,2,Negativa
563,41.0,3,2004.41,0,Positiva
564,145.0,26,1917.64,4,Positiva
565,141.0,5,1835.37,2,Positiva
566,46.0,27,752.11,3,Positiva
567,35.0,6,437.83,4,Neutral
568,134.0,4,1595.7,4,Neutral
569,82.0,10,1242.94,1,Negativa
570,115.0,12,449.74,3,Neutral
571,47.0,25,1716.35,0,Neutral
572,10.0,24,2477.86,2,Negativa
573,56.0,18,1869.31,1,Negativa
574,30.0,22,1851.27,2,Negativa
575,109.0,9,2376.03,0,Neutral
576,5.0,9,511.33,0,Neutral
577,119.0,10,1416.05,4,Negativa
578,33.0,20,2449.22,0,Negativa
579,118.0,29,417.41,2,Negativa
580,65.0,6,1752.13,3,Neutral
581,146.0,17,1466.6,3,Neutral
582,11.0,3,1468.27,4,Positiva
583,85.0,1,1745.69,2,Neutral
584,26.0,13,2324.39,2,Neutral
585,63.0,12,1957.54,0,Neutral
586,86.0,28,145.06,2,Negativa
587,59.0,11,2132.56,1,Neutral
588,27.0,6,567.73,0,Negativa
589,98.0,1,945.4,1,Positiva
590,105.0,12,1157.02,4,Positiva
591,99.0,13,1204.86,3,Negativa
592,129.0,26,1090.78,4,Negativa
593,149.0,16,2343.7,3,Negativa
594,55.0,8,1766.52,4,Neutral
595,6.0,16,1579.77,2,Positiva
596,95.0,7,129.36,1,Negativa
597,133.0,1,2260.26,3,Neutral
598,102.0,27,2273.93,0,Positiva
599,3.0,23,1951.63,1,Neutral
600,23.0,12,22.54,0,Positiva
601,53.0,2,147.91,1,Neutral
602,83.0,15,566.93,1,Positiva
603,145.0,5,332.72,4,Positiva
604,85.0,18,1000.1,3,Neutral
605,78.0,29,2306.94,3,Negativa
606,110.0,6,1182.79,1,Positiva
607,1.0,9,38.44,2,Negativa
608,51.0,8,710.45,2,Neutral
609,4.0,1,116.26,0,Negativa
610,113.0,27,95.54,0,Negativa
611,32.0,27,692.92,4,Negativa
612,34.0,14,692.65,1,Negativa
613,92.0,29,1968.88,0,Negativa
614,95.0,4,2437.21,0,Positiva
615,72.0,28,931.16,1,Positiva
616,39.0,21,1075.07,4,Positiva
617,118.0,3,2112.75,0,Neutral
618,3.0,19,674.01,4,Negativa
619,123.0,3,395.17,3,Positiva
620,50.0,17,2133.46,4,Neutral
621,12.0,3,121.02,2,Positiva
622,54.0,26,1551.15,2,Positiva
623,133.0,16,1407.17,4,Negativa
624,57.0,11,868.07,2,Neutral
625,145.0,21,791.4,3,Negativa
626,112.0,16,1930.79,1,Negativa
627,47.0,9,220.63,2,Positiva
628,85.0,21,595.78,2,Negativa
629,142.0,0,1832.46,4,Neutral
630,66.0,21,1373.06,3,Negativa
631,75.0,25,324.33,1,Negativa
632,103.0,23,2205.93,4,Negativa
633,38.0,26,986.65,4,Positiva
634,50.0,17,2070.53,3,Neutral
635,98.0,17,1970.34,1,Positiva
636,82.0,13,1562.94,3,Positiva
637,30.0,14,1238.73,1,Positiva
638,79.0,28,2448.98,3,Positiva
639,91.0,11,366.69,4,Positiva
640,52.0,3,1814.26,4,Neutral
641,79.0,26,482.02,0,Negativa
642,30.0,2,848.97,2,Positiva
643,106.0,19,775.2,3,Positiva
644,51.0,28,2367.85,0,Neutral
645,81.0,11,2418.55,2,Neutral
646,133.0,6,461.62,3,Negativa
647,29.0,28,59.98,1,Neutral
648,132.0,10,1801.42,2,Negativa
649,138.0,0,1047.88,4,Positiva
650,145.0,5,226.66,0,Positiva
651,74.0,14,1710.97,2,Negativa
652,17.0,14,1365.04,2,Neutral
653,84.0,18,2451.39,4,Negativa
654,69.0,10,572.39,3,Neutral
655,34.0,25,1012.92,1,Positiva
656,6.0,22,1358.65,4,Neutral
657,53.0,25,1980.29,1,Negativa
658,126.0,1,1374.35,3,Negativa
659,43.0,13,1534.19,2,Positiva
660,115.0,1,569.24,1,Neutral
661,111.0,28,2118.06,0,Neutral
662,80.0,3,1074.43,0,Neutral
663,95.0,16,356.69,4,Positiva
664,118.0,2,1662.15,3,Neutral
665,144.0,12,544.15,4,Negativa
666,8.0,8,248.42,4,Neutral
667,132.0,6,2155.66,4,Positiva
668,104.0,14,1153.1,0,Neutral
669,132.0,22,1874.46,0,Neutral
670,25.0,28,730.02,4,Negativa
671,96.0,28,1968.49,0,Neutral
672,93.0,10,284.28,3,Negativa
673,61.0,19,893.15,4,Negativa
674,122.0,1,2445.26,0,Positiva
675,51.0,14,1986.0,1,Negativa
676,147.0,13,1245.65,4,Negativa
677,21.0,19,852.74,4,Positiva
678,5.0,21,2180.98,3,Negativa
679,92.0,10,1364.4,2,Positiva
680,61.0,26,1897.27,2,Neutral
681,22.0,2,1886.5,3,Positiva
682,149.0,16,49.77,3,Negativa
683,70.0,29,320.0,3,Positiva
684,1.0,11,1650.78,2,Negativa
685,133.0,23,408.24,3,Neutral
686,12.0,27,642.46,0,Positiva
687,90.0,28,2366.86,4,Neutral
688,46.0,20,1402.65,4,Negativa
689,34.0,14,1878.07,1,Negativa
690,78.0,15,1397.16,1,Neutral
691,45.0,4,1383.52,4,Positiva
692,73.0,26,239.91,0,Positiva
693,26.0,19,862.44,2,Negativa
694,47.0,5,709.67,2,Neutral
695,121.0,18,979.87,0,Neutral
696,56.0,24,1996.87,2,Positiva
697,94.0,4,932.97,3,Positiva
698,107.0,2,1131.98,4,Positiva
699,63.0,26,996.47,4,Neutral
700,48.0,0,238.05,0,Positiva
701,61.0,25,1105.48,2,Positiva
702,81.0,27,493.05,1,Negativa
703,26.0,5,470.87,1,Positiva
704,36.0,14,239.62,2,Positiva
705,1.0,1,894.89,1,Neutral
706,8.0,28,1894.92,0,Neutral
707,113.0,2,694.72,0,Negativa
708,99.0,16,784.31,2,Positiva
709,47.0,24,1608.47,1,Negativa
710,127.0,23,493.62,0,Neutral
711,56.0,11,2242.91,0,Negativa
712,14.0,17,1302.88,3,Neutral
713,28.0,14,1121.77,3,Negativa
714,78.0,11,1396.76,0,Negativa
715,130.0,15,419.26,2,Positiva
716,109.0,26,1535.62,4,Negativa
717,14.0,7,910.94,4,Positiva
718,56.0,27,2243.48,0,Positiva
719,115.0,13,426.29,0,Positiva
720,7.0,24,1270.09,0,Positiva
721,3.0,16,1497.29,2,Negativa
722,111.0,28,88.29,3,Neutral
723,107.0,20,912.41,0,Neutral
724,18.0,7,1832.92,0,Neutral
725,38.0,14,2051.84,1,Negativa
726,115.0,26,786.34,2,Positiva
727,15.0,13,1997.49,0,Neutral
728,119.0,17,2419.55,1,Negativa
729,28.0,19,2142.9,4,Positiva
730,39.0,6,298.52,0,Neutral
731,17.0,2,1850.63,0,Positiva
732,86.0,28,802.57,1,Neutral
733,126.0,11,2471.1,2,Neutral
734,44.0,20,1215.97,0,Neutral
735,25.0,23,310.47,4,Positiva
736,145.0,27,1814.34,0,Negativa
737,13.0,25,810.91,4,Positiva
738,25.0,2,2492.71,3,Neutral
739,68.0,19,2449.56,3,Positiva
740,138.0,13,1642.05,4,Negativa
741,67.0,14,328.92,2,Positiva
742,109.0,24,1718.72,0,Negativa
743,146.0,29,237.11,0,Negativa
744,111.0,13,78.26,3,Positiva
745,111.0,6,2058.28,4,Neutral
746,34.0,16,528.33,0,Negativa
747,111.0,29,950.67,0,Positiva
748,8.0,11,2433.78,2,Negativa
749,113.0,19,845.42,1,Neutral
750,83.0,3,744.74,3,Positiva
751,42.0,8,2295.93,3,Positiva
752,101.0,5,281.32,1,Positiva
753,6.0,15,1900.16,0,Neutral
754,26.0,24,2470.22,2,Negativa
755,64.0,27,2253.73,2,Positiva
756,59.0,21,1630.91,3,Negativa
757,109.0,21,788.58,2,Negativa
758,121.0,20,639.53,1,Neutral
759,33.0,20,2049.04,0,Positiva
760,21.0,1,2200.16,1,Negativa
761,70.0,23,1315.96,4,Positiva
762,112.0,7,614.63,3,Positiva
763,4.0,10,286.79,2,Neutral
764,94.0,12,222.51,4,Positiva
765,75.0,16,1799.1,2,Positiva
766,62.0,7,1053.2,0,Negativa
767,94.0,20,2263.87,0,Neutral
768,95.0,17,1850.48,0,Positiva
769,55.0,29,482.19,2,Negativa
770,137.0,17,1536.37,4,Neutral
771,131.0,13,1091.59,0,Neutral
772,31.0,14,1445.24,4,Negativa
773,40.0,5,1846.48,2,Negativa
774,36.0,10,2016.46,4,Negativa
775,6.0,12,2110.12,2,Negativa
776,66.0,24,638.67,2,Negativa
777,75.0,0,82.63,3,Positiva
778,4.0,27,1849.54,2,Positiva
779,79.0,5,270.33,2,Neutral
780,134.0,8,790.72,1,Positiva
781,118.0,7,14.52,0,Positiva
782,113.0,10,1705.77,3,Positiva
783,94.0,21,421.99,3,Negativa
784,62.0,18,1639.93,3,Neutral
785,79.0,23,2479.4,1,Neutral
786,136.0,8,186.31,2,Neutral
787,26.0,16,197.31,0,Neutral
788,44.0,11,854.25,4,Positiva
789,133.0,24,2166.63,2,Positiva
790,70.0,13,542.75,1,Negativa
791,118.0,14,904.14,2,Neutral
792,68.0,15,175.92,2,Positiva
793,19.0,21,1909.07,1,Positiva
794,20.0,21,1023.72,3,Negativa
795,113.0,27,1899.33,3,Negativa
796,140.0,19,2259.5,0,Negativa
797,47.0,0,585.74,0,Positiva
798,1.0,9,2019.45,3,Positiva
799,90.0,7,152.44,4,Negativa
800,142.0,17,2247.62,2,Neutral
801,64.0,27,1628.67,4,Negativa
802,38.0,0,2186.2,2,Negativa
803,37.0,1,5.47,3,Negativa
804,126.0,0,426.86,0,Negativa
805,139.0,0,977.45,0,Positiva
806,100.0,8,951.86,4,Neutral
807,77.0,12,570.69,0,Negativa
808,3.0,29,957.12,3,Neutral
809,134.0,0,326.48,4,Neutral
810,10.0,12,1034.84,2,Neutral
811,5.0,19,2006.87,0,Negativa
812,138.0,25,1200.28,1,Positiva
813,130.0,21,49.91,0,Negativa
814,13.0,6,1056.5,2,Neutral
815,130.0,1,72.8,4,Neutral
816,84.0,5,2415.78,2,Positiva
817,65.0,6,323.0,1,Negativa
818,63.0,25,1770.68,3,Neutral
819,101.0,13,2432.08,0,Positiva
820,73.0,25,2065.97,4,Neutral
821,17.0,17,1749.79,3,Positiva
822,9.0,14,2099.45,2,Positiva
823,143.0,1,2454.59,4,Negativa
824,38.0,9,1555.25,3,Neutral
825,94.0,22,1400.17,4,Negativa
826,95.0,11,1572.45,1,Neutral
827,49.0,16,1334.03,1,Negativa
828,69.0,7,1589.55,0,Neutral
829,62.0,10,1127.36,0,Negativa
830,78.0,28,550.02,1,Positiva
831,117.0,2,305.02,4,Neutral
832,120.0,26,175.51,1,Neutral
833,137.0,5,661.97,0,Positiva
834,76.0,8,120.08,1,Negativa
835,35.0,5,1420.09,1,Neutral
836,1.0,8,713.15,4,Neutral
837,40.0,6,2062.21,3,Negativa
838,64.0,8,190.23,0,Positiva
839,60.0,17,569.75,4,Negativa
840,64.0,11,1826.96,1,Negativa
841,93.0,7,1499.03,1,Negativa
842,72.0,7,165.91,3,Neutral
843,11.0,17,2193.71,0,Positiva
844,105.0,27,2193.77,0,Positiva
845,14.0,29,829.37,2,Negativa
846,60.0,19,854.31,0,Neutral
847,30.0,29,2472.63,3,Negativa
848,35.0,14,1567.31,2,Neutral
849,5.0,26,1330.63,2,Neutral
850,83.0,6,2096.19,1,Neutral
851,123.0,10,716.8,1,Neutral
852,78.0,19,1075.81,0,Positiva
853,62.0,15,673.1,2,Neutral
854,132.0,3,1973.96,1,Neutral
855,89.0,5,1435.51,3,Negativa
856,42.0,25,1648.77,1,Negativa
857,89.0,21,634.51,1,Positiva
858,146.0,25,554.46,2,Negativa
859,40.0,2,1223.49,2,Neutral
860,72.0,8,1845.23,4,Negativa
861,39.0,27,1315.47,3,Positiva
862,104.0,9,86.45,2,Negativa
863,14.0,13,2172.04,0,Negativa
864,32.0,10,166.39,3,Positiva
865,125.0,17,2389.78,3,Positiva
866,97.0,21,67.73,2,Neutral
867,23.0,11,1737.65,3,Negativa
868,63.0,22,210.11,2,Neutral
869,143.0,11,2277.14,1,Negativa
870,145.0,12,1163.76,4,Negativa
871,53.0,24,348.12,1,Neutral
872,104.0,12,855.34,2,Negativa
873,104.0,18,416.24,2,Negativa
874,39.0,25,430.6,1,Negativa
875,134.0,18,2370.53,0,Positiva
876,67.0,22,1115.89,0,Neutral
877,135.0,13,1973.06,0,Positiva
878,42.0,3,1600.82,2,Neutral
879,15.0,12,1692.68,3,Neutral
880,111.0,7,333.58,2,Negativa
881,33.0,28,589.29,3,Neutral
882,38.0,22,1967.94,1,Positiva
883,97.0,20,2427.06,4,Positiva
884,33.0,22,660.38,3,Positiva
885,86.0,18,682.56,0,Neutral
886,66.0,11,1184.88,2,Positiva
887,10.0,17,2459.68,1,Neutral
888,5.0,5,676.05,0,Positiva
889,123.0,17,18500.0,1,Positiva
890,74.0,18,2229.24,4,Neutral
891,97.0,21,12.29,2,Positiva
892,118.0,4,104.22,2,Negativa
893,38.0,23,1512.16,4,Neutral
894,141.0,8,2268.91,2,Neutral
895,47.0,26,600.95,3,Neutral
896,109.0,2,1176.76,1,Negativa
897,15.0,27,1128.91,0,Neutral
898,136.0,9,1185.06,4,Positiva
899,5.0,18,1558.19,3,Positiva
900,47.0,2,1177.01,0,Positiva
901,68.0,28,1121.43,0,Neutral
902,76.0,28,1188.35,4,Positiva
903,130.0,21,1479.21,3,Neutral
904,95.0,14,1344.83,0,Positiva
905,115.0,0,2136.07,0,Negativa
906,36.0,6,128.49,3,Negativa
907,26.0,11,2084.13,2,Negativa
908,43.0,16,2110.59,0,Negativa
909,27.0,29,715.85,1,Neutral
910,69.0,20,1159.82,3,Positiva
911,148.0,25,1099.15,0,Negativa
912,11.0,28,550.18,4,Neutral
913,74.0,23,995.01,1,Negativa
914,104.0,19,115.75,0,Negativa
915,38.0,4,698.17,1,Neutral
916,134.0,3,2042.62,1,Neutral
917,23.0,27,714.98,2,Positiva
918,47.0,11,2046.43,1,Positiva
919,90.0,29,1331.34,2,Negativa
920,46.0,19,2200.26,3,Negativa
921,107.0,27,1439.07,2,Positiva
922,140.0,23,79.02,4,Positiva
923,141.0,17,1690.17,0,Neutral
924,104.0,16,116.91,3,Positiva
925,111.0,18,1129.24,3,Positiva
926,104.0,8,2323.92,4,Negativa
927,60.0,3,417.18,2,Positiva
928,100.0,25,977.73,0,Negativa
929,68.0,20,1826.0,2,Positiva
930,133.0,1,2206.24,1,Neutral
931,120.0,3,1679.0,2,Positiva
932,37.0,1,649.14,3,Positiva
933,72.0,14,1688.15,0,Positiva
934,127.0,1,745.34,2,Negativa
935,106.0,3,1797.48,0,Neutral
936,92.0,5,2385.31,0,Positiva
937,31.0,6,1804.88,1,Negativa
938,122.0,9,2157.89,1,Neutral
939,137.0,18,10.25,3,Negativa
940,51.0,18,1795.34,4,Negativa
941,29.0,25,2074.82,0,Neutral
942,40.0,21,106.19,4,Positiva
943,41.0,28,2179.64,3,Negativa
944,11.0,11,645.45,0,Negativa
945,1.0,2,1664.9,0,Positiva
946,46.0,12,2001.89,4,Positiva
947,101.0,17,1658.35,2,Neutral
948,149.0,7,235.25,1,Neutral
949,90.0,20,1492.82,2,Neutral
950,110.0,14,1376.21,4,Positiva
951,57.0,0,2251.3,1,Negativa
952,1.0,2,1013.58,2,Negativa
953,63.0,25,806.1,1,Neutral
954,55.0,7,1875.88,0,Positiva
955,115.0,3,1034.62,2,Negativa
956,143.0,15,1617.01,1,Neutral
957,149.0,29,1617.89,1,Negativa
958,53.0,22,2220.66,1,Negativa
959,137.0,9,1498.74,2,Positiva
960,57.0,11,1257.87,3,Positiva
961,117.0,13,351.48,2,Negativa
962,35.0,13,293.77,4,Neutral
963,63.0,1,390.03,2,Positiva
964,25.0,22,433.76,1,Negativa
965,90.0,4,1596.5,0,Positiva
966,75.0,4,1853.75,2,Positiva
967,38.0,5,1327.33,2,Positiva
968,130.0,12,2073.4,1,Negativa
969,135.0,8,2478.2,0,Neutral
970,91.0,29,2050.93,0,Neutral
971,17.0,21,1738.73,4,Neutral
972,128.0,27,1333.57,2,Positiva
973,108.0,28,1124.89,0,Negativa
974,25.0,14,215.56,0,Positiva
975,88.0,13,1001.43,3,Neutral
976,29.0,23,2275.79,3,Neutral
977,63.0,6,2021.02,0,Negativa
978,114.0,24,544.05,4,Positiva
979,49.0,19,1169.19,0,Neutral
980,81.0,1,2042.72,1,Negativa
981,84.0,6,173.12,2,Positiva
982,105.0,5,971.54,4,Positiva
983,148.0,16,2130.34,1,Neutral
984,118.0,26,1012.73,4,Neutral
985,86.0,24,198.65,1,Positiva
986,63.0,24,1358.62,2,Positiva
987,104.0,27,2155.05,2,Neutral
988,49.0,1,1477.76,3,Positiva
989,71.0,2,569.57,1,Neutral
990,1.0,4,963.68,3,Positiva
991,141.0,4,1128.06,1,Neutral
992,123.0,0,1450.27,3,Negativa
993,62.0,7,1899.58,2,Neutral
994,32.0,11,251.69,4,Neutral
995,29.0,23,2224.68,3,Negativa
996,49.0,3,35.71,1,Positiva
997,30.0,12,928.28,1,Negativa
998,144.0,22,73.41,2,Neutral
999,19.0,14,985.47,1,Positiva
1000,18.0,10,1316.9,0,Negativa
